<component name="ProjectRunConfigurationManager">
  <configuration default="false" name="go build content_svr/app/content_svr" type="GoApplicationRunConfiguration" factoryName="Go Application" nameIsGenerated="true">
    <module name="content_svr" />
    <working_directory value="$PROJECT_DIR$/build/content_svr" />
    <kind value="PACKAGE" />
    <package value="content_svr/app/content_svr" />
    <directory value="$PROJECT_DIR$" />
    <filePath value="$PROJECT_DIR$/app/content_svr/main.go" />
    <method v="2" />
  </configuration>
</component>